{"initial_reset_timestamp": 1507764386.058832, "timestamps": [1507764410.710721, 1507764438.6971362, 1507764442.680325, 1507764446.6443799, 1507764450.118591, 1507764454.5361972, 1507764458.215327, 1507764462.2801979, 1507764466.31008, 1507764470.283393, 1507764474.2321], "episode_lengths": [1419, 1784, 1376, 1295, 1185, 1594, 1099, 1413, 1345, 1262, 1324], "episode_rewards": [-21.0, -20.0, -20.0, -20.0, -21.0, -19.0, -21.0, -21.0, -21.0, -21.0, -21.0], "episode_types": ["t", "t", "t", "t", "t", "t", "t", "t", "t", "t", "t", "t"]}