{"initial_reset_timestamp": 1509115953.186847, "timestamps": [1509115956.7201002, 1509115965.0480251, 1509115971.802706, 1509115977.932532, 1509115984.389951, 1509115992.635063, 1509115998.803926, 1509116005.563027, 1509116011.752178, 1509116018.770805, 1509116026.630584, 1509116032.58699, 1509116039.635641, 1509116046.5688589, 1509116053.343669, 1509116059.510039, 1509116065.816159, 1509116073.757874, 1509116079.556896, 1509116087.1935449, 1509116093.2484748, 1509116099.5726888, 1509116106.831983, 1509116112.61752, 1509116117.864608, 1509116124.01455, 1509116130.8333938, 1509116137.4531991, 1509116142.770418, 1509116149.855365, 1509116158.640459, 1509116165.595972, 1509116173.6608908, 1509116180.214211, 1509116187.751467, 1509116193.387914, 1509116200.37998, 1509116206.873894, 1509116213.681419, 1509116219.895384, 1509116225.9717162, 1509116233.168541, 1509116239.497459, 1509116245.1276228, 1509116250.624908, 1509116257.130017, 1509116262.874035, 1509116269.5163362, 1509116276.4866078, 1509116283.409882, 1509116291.184344, 1509116297.1284301, 1509116303.6587908, 1509116309.707849, 1509116316.348824, 1509116322.8492658, 1509116329.1186602, 1509116336.560082, 1509116343.1404648, 1509116350.906831, 1509116358.899874, 1509116366.584194, 1509116372.5501719, 1509116378.3975601, 1509116385.19296, 1509116392.1927218, 1509116399.30288, 1509116405.191157, 1509116411.3312929, 1509116417.791619, 1509116423.2628999, 1509116430.079424, 1509116436.241955, 1509116443.794524, 1509116450.461279, 1509116458.8510458, 1509116466.3700008, 1509116472.543817, 1509116479.043595, 1509116484.988554, 1509116492.433065, 1509116498.6263611, 1509116505.907305, 1509116513.089271, 1509116518.959768, 1509116527.456419, 1509116534.524825, 1509116542.33726, 1509116549.239176, 1509116555.051768, 1509116561.6715782, 1509116567.781365, 1509116574.553739, 1509116582.276769, 1509116588.541704, 1509116595.386675, 1509116601.402988, 1509116607.578868, 1509116613.3205602, 1509116621.495759, 1509116629.447778, 1509116637.242126, 1509116643.9015229], "episode_lengths": [1419, 1773, 1474, 1236, 1467, 1244, 1115, 1316, 1271, 1106, 1396, 1342, 1222, 1456, 1189, 1442, 1268, 1628, 1097, 1173, 1012, 1266, 1184, 1211, 1029, 1391, 1623, 1252, 1021, 1506, 1667, 1349, 1326, 1270, 1402, 1102, 1448, 1481, 1365, 1303, 1184, 1014, 1550, 1228, 1236, 1328, 1012, 1013, 1499, 1268, 1504, 1014, 1420, 1348, 1092, 1773, 1096, 1251, 1432, 1894, 1266, 1795, 1102, 1362, 1169, 1259, 1254, 1423, 1524, 1310, 1010, 1111, 1264, 1238, 1116, 1420, 1832, 1529, 1002, 1107, 1349, 1294, 1212, 1306, 1015, 1017, 1178, 1472, 1168, 1297, 1281, 1182, 1329, 1333, 1269, 1507, 1120, 1268, 1402, 1311, 1457, 1304, 1244], "episode_rewards": [-21.0, -19.0, -20.0, -21.0, -20.0, -21.0, -21.0, -20.0, -21.0, -21.0, -20.0, -21.0, -20.0, -20.0, -21.0, -19.0, -21.0, -20.0, -21.0, -21.0, -21.0, -21.0, -21.0, -20.0, -21.0, -20.0, -20.0, -21.0, -21.0, -19.0, -19.0, -21.0, -20.0, -21.0, -20.0, -21.0, -19.0, -20.0, -21.0, -20.0, -21.0, -21.0, -20.0, -20.0, -21.0, -20.0, -21.0, -21.0, -21.0, -21.0, -19.0, -21.0, -21.0, -21.0, -21.0, -19.0, -21.0, -21.0, -21.0, -19.0, -21.0, -18.0, -21.0, -20.0, -21.0, -21.0, -21.0, -21.0, -21.0, -20.0, -21.0, -21.0, -21.0, -20.0, -21.0, -21.0, -19.0, -19.0, -21.0, -21.0, -21.0, -20.0, -20.0, -20.0, -21.0, -21.0, -21.0, -20.0, -21.0, -20.0, -19.0, -21.0, -21.0, -21.0, -21.0, -19.0, -21.0, -21.0, -20.0, -20.0, -19.0, -20.0, -21.0], "episode_types": ["t", "t", "t", "t", "t", "t", "t", "t", "t", "t", "t", "t", "t", "t", "t", "t", "t", "t", "t", "t", "t", "t", "t", "t", "t", "t", "t", "t", "t", "t", "t", "t", "t", "t", "t", "t", "t", "t", "t", "t", "t", "t", "t", "t", "t", "t", "t", "t", "t", "t", "t", "t", "t", "t", "t", "t", "t", "t", "t", "t", "t", "t", "t", "t", "t", "t", "t", "t", "t", "t", "t", "t", "t", "t", "t", "t", "t", "t", "t", "t", "t", "t", "t", "t", "t", "t", "t", "t", "t", "t", "t", "t", "t", "t", "t", "t", "t", "t", "t", "t", "t", "t", "t", "t"]}