{"initial_reset_timestamp": 1508130208.7842171, "timestamps": [1508130211.884356, 1508130213.82582, 1508130216.0986712, 1508130217.839197, 1508130219.949118, 1508130221.6913788, 1508130223.548695, 1508130225.8796842, 1508130228.120235, 1508130230.3130949, 1508130232.465409, 1508130234.320412, 1508130236.490819, 1508130238.826035], "episode_lengths": [1307, 1106, 1346, 1024, 1254, 1002, 1095, 1388, 1335, 1296, 1271, 1081, 1301, 1389], "episode_rewards": [-20.0, -21.0, -21.0, -21.0, -21.0, -21.0, -21.0, -20.0, -21.0, -20.0, -21.0, -21.0, -20.0, -21.0], "episode_types": ["t", "t", "t", "t", "t", "t", "t", "t", "t", "t", "t", "t", "t", "t", "t"]}