{"initial_reset_timestamp": 1507581938.065702, "timestamps": [1507581940.626055, 1507581945.767094, 1507581949.668415, 1507581953.700324, 1507581958.238036, 1507581962.854362, 1507581966.465916, 1507581970.41365, 1507581974.371474, 1507581978.1613162, 1507581981.985452, 1507581986.244895, 1507581991.15924, 1507581995.542654, 1507582000.46996, 1507582005.509491, 1507582009.8517928, 1507582014.57264, 1507582019.759181, 1507582025.0262039, 1507582030.317104, 1507582034.997347, 1507582040.248856, 1507582044.763488, 1507582048.9763079, 1507582053.2634099, 1507582057.620793, 1507582062.25865, 1507582066.51472, 1507582070.440636, 1507582075.28654, 1507582079.624064, 1507582083.859649, 1507582088.3589408, 1507582092.372036, 1507582096.403342, 1507582099.9662862, 1507582104.451275, 1507582108.734522, 1507582112.268095, 1507582116.206219, 1507582120.556512, 1507582124.6483681, 1507582128.8379111, 1507582133.309943, 1507582137.606625, 1507582141.913854, 1507582145.886039, 1507582150.9435709, 1507582156.27106, 1507582160.419289, 1507582164.208582, 1507582168.698529, 1507582172.6630871, 1507582176.466624, 1507582180.572104, 1507582184.936704, 1507582189.073421, 1507582194.647663, 1507582199.224729, 1507582204.266531, 1507582208.577319, 1507582213.501146, 1507582217.609534, 1507582221.935714, 1507582225.669837, 1507582229.883998, 1507582233.669285, 1507582237.731497, 1507582241.339232, 1507582245.899495, 1507582250.221504, 1507582254.908797, 1507582258.46616, 1507582262.358433, 1507582265.384876, 1507582269.23129, 1507582272.512023, 1507582275.990299, 1507582279.650777, 1507582283.842421, 1507582287.083596, 1507582290.794653, 1507582295.541271, 1507582300.883282, 1507582305.472476, 1507582310.038666, 1507582314.4450529, 1507582318.5142632, 1507582322.42357, 1507582326.204961, 1507582331.306009, 1507582334.523304, 1507582338.811469, 1507582343.5394309, 1507582347.7146618, 1507582352.277605, 1507582356.9184158, 1507582361.6783712, 1507582366.7672682, 1507582373.229276, 1507582378.7350342, 1507582382.8053231, 1507582387.499985, 1507582391.105454, 1507582394.846269, 1507582398.340491, 1507582402.6633348, 1507582407.4180732, 1507582411.664831, 1507582416.0160818, 1507582419.6798232, 1507582423.094529, 1507582426.800002, 1507582430.1363142, 1507582434.574493, 1507582439.324345, 1507582444.0080059, 1507582448.187551, 1507582452.5204082, 1507582456.885576, 1507582461.5070012, 1507582465.2407, 1507582469.051254, 1507582473.480227, 1507582478.143191, 1507582482.513547, 1507582487.327095, 1507582492.040555, 1507582496.257523, 1507582500.614104, 1507582504.84621, 1507582509.904984, 1507582514.043628, 1507582518.3569589, 1507582522.263117, 1507582526.308587, 1507582530.3419268, 1507582535.058816, 1507582540.016651, 1507582544.121214, 1507582548.388693, 1507582553.015201, 1507582557.230509, 1507582562.1765969, 1507582565.888142, 1507582569.564715, 1507582573.040815], "episode_lengths": [1181, 1345, 1250, 1192, 1473, 1452, 1173, 1510, 1467, 1243, 1231, 1376, 1465, 1261, 1345, 1243, 1442, 1178, 1461, 1433, 1491, 1254, 1629, 1272, 1308, 1498, 1583, 1186, 1554, 1248, 1429, 1574, 1430, 1625, 1386, 1266, 1187, 1592, 1587, 1094, 1449, 1276, 1254, 1305, 1775, 1336, 1316, 1406, 1627, 1465, 1224, 1430, 1743, 1285, 1385, 1234, 1644, 1397, 1277, 1414, 1596, 1340, 1719, 1320, 1445, 1170, 1380, 1334, 1242, 1230, 1261, 1090, 1214, 1229, 1249, 1090, 1420, 1194, 1087, 1256, 1527, 1224, 1354, 1491, 1199, 1602, 1376, 1715, 1401, 1270, 1090, 1674, 1009, 1372, 1303, 1420, 1508, 1180, 1375, 1347, 1317, 1434, 1428, 1481, 1254, 1235, 1106, 1248, 1448, 1081, 1392, 1108, 1093, 1098, 1098, 1577, 1615, 1349, 1118, 1268, 1326, 1605, 1178, 1100, 1569, 1486, 1529, 1281, 1534, 1250, 1568, 1347, 1374, 1217, 1519, 1091, 1393, 1354, 1749, 1710, 1318, 1329, 1266, 1362, 1621, 1266, 1255, 1016], "episode_rewards": [-21.0, -21.0, -21.0, -21.0, -20.0, -20.0, -21.0, -19.0, -20.0, -21.0, -20.0, -20.0, -20.0, -21.0, -21.0, -21.0, -21.0, -21.0, -20.0, -19.0, -20.0, -21.0, -20.0, -21.0, -20.0, -21.0, -21.0, -21.0, -20.0, -21.0, -21.0, -21.0, -19.0, -20.0, -20.0, -21.0, -21.0, -19.0, -21.0, -21.0, -19.0, -21.0, -21.0, -20.0, -17.0, -21.0, -20.0, -21.0, -20.0, -20.0, -20.0, -21.0, -21.0, -20.0, -20.0, -20.0, -20.0, -20.0, -21.0, -21.0, -19.0, -21.0, -20.0, -20.0, -19.0, -21.0, -20.0, -21.0, -21.0, -20.0, -21.0, -21.0, -20.0, -20.0, -21.0, -21.0, -21.0, -21.0, -21.0, -21.0, -21.0, -20.0, -21.0, -21.0, -21.0, -19.0, -20.0, -20.0, -20.0, -21.0, -21.0, -21.0, -21.0, -20.0, -20.0, -21.0, -19.0, -21.0, -20.0, -21.0, -20.0, -21.0, -21.0, -20.0, -21.0, -20.0, -21.0, -21.0, -19.0, -21.0, -20.0, -21.0, -21.0, -21.0, -21.0, -19.0, -19.0, -21.0, -21.0, -21.0, -20.0, -19.0, -21.0, -21.0, -20.0, -20.0, -19.0, -21.0, -20.0, -21.0, -21.0, -21.0, -20.0, -20.0, -19.0, -21.0, -20.0, -21.0, -19.0, -20.0, -20.0, -21.0, -21.0, -19.0, -19.0, -21.0, -21.0, -21.0], "episode_types": ["t", "t", "t", "t", "t", "t", "t", "t", "t", "t", "t", "t", "t", "t", "t", "t", "t", "t", "t", "t", "t", "t", "t", "t", "t", "t", "t", "t", "t", "t", "t", "t", "t", "t", "t", "t", "t", "t", "t", "t", "t", "t", "t", "t", "t", "t", "t", "t", "t", "t", "t", "t", "t", "t", "t", "t", "t", "t", "t", "t", "t", "t", "t", "t", "t", "t", "t", "t", "t", "t", "t", "t", "t", "t", "t", "t", "t", "t", "t", "t", "t", "t", "t", "t", "t", "t", "t", "t", "t", "t", "t", "t", "t", "t", "t", "t", "t", "t", "t", "t", "t", "t", "t", "t", "t", "t", "t", "t", "t", "t", "t", "t", "t", "t", "t", "t", "t", "t", "t", "t", "t", "t", "t", "t", "t", "t", "t", "t", "t", "t", "t", "t", "t", "t", "t", "t", "t", "t", "t", "t", "t", "t", "t", "t", "t", "t", "t", "t", "t"]}