{"initial_reset_timestamp": 1514304289.4698381, "timestamps": [1514304310.319909], "episode_lengths": [1177], "episode_rewards": [-21.0], "episode_types": ["t"]}