{"initial_reset_timestamp": 1507581940.7827468, "timestamps": [1507581943.4631, 1507581947.575211, 1507581951.6883981, 1507581955.75579, 1507581960.3903801, 1507581964.475904, 1507581967.904962, 1507581971.923538, 1507581976.0431712, 1507581979.94005, 1507581983.76798, 1507581988.4237309, 1507581992.8435998, 1507581998.153712, 1507582002.897294, 1507582007.4402719, 1507582012.2728598, 1507582016.833256, 1507582021.751976, 1507582027.2121658, 1507582032.361231, 1507582036.859884, 1507582042.657853, 1507582046.79442, 1507582050.6736372, 1507582054.9865909, 1507582060.260587, 1507582063.9543622, 1507582068.339995, 1507582072.917229, 1507582076.99683, 1507582081.443656, 1507582085.699518, 1507582090.071991, 1507582094.2972128, 1507582097.982463, 1507582101.841654, 1507582106.101974, 1507582110.442058, 1507582113.8042738, 1507582118.430523, 1507582122.520263, 1507582126.651186, 1507582130.440622, 1507582135.372853, 1507582139.7001028, 1507582143.528797, 1507582147.849449, 1507582153.798744, 1507582158.3479638, 1507582161.8767848, 1507582165.928483, 1507582170.589091, 1507582174.221463, 1507582178.559455, 1507582182.318518, 1507582186.6941361, 1507582191.9633741, 1507582196.743478, 1507582201.559458, 1507582206.319631, 1507582210.684314, 1507582215.41835, 1507582219.5643039, 1507582223.6767628, 1507582227.5574348, 1507582231.424866, 1507582235.608363, 1507582239.3004868, 1507582243.596981, 1507582248.0073888, 1507582252.457205, 1507582256.55391, 1507582260.4760692, 1507582263.727687, 1507582267.084966, 1507582270.722479, 1507582274.35461, 1507582277.6202419, 1507582281.4891598, 1507582285.253097, 1507582288.7020218, 1507582292.599824, 1507582298.629256, 1507582302.783694, 1507582307.3591192, 1507582311.631809, 1507582316.2297049, 1507582320.177527, 1507582324.302866, 1507582328.5227761, 1507582332.8586361, 1507582336.630999, 1507582341.183676, 1507582345.41828, 1507582349.3415082, 1507582354.737833, 1507582358.994624, 1507582363.6695402, 1507582369.205836, 1507582376.306875, 1507582380.426668, 1507582385.070972, 1507582388.992527, 1507582392.8034, 1507582396.482573, 1507582400.062795, 1507582404.567803, 1507582409.375983, 1507582413.728587, 1507582417.857565, 1507582421.265179, 1507582424.979487, 1507582428.3083782, 1507582432.007497, 1507582436.687388, 1507582441.432099, 1507582445.848446, 1507582450.2647219, 1507582454.591142, 1507582458.743414, 1507582463.209687, 1507582467.096569, 1507582470.715285, 1507582475.543027, 1507582479.84437, 1507582485.067231, 1507582489.35479, 1507582494.0084321, 1507582497.993093, 1507582502.5699651, 1507582507.408958, 1507582511.90479, 1507582515.698672, 1507582520.3432992, 1507582523.926044, 1507582528.0077791, 1507582532.0165918, 1507582537.048718, 1507582541.803554, 1507582546.006349, 1507582550.765357, 1507582554.868438, 1507582559.202346, 1507582563.760108, 1507582567.485156, 1507582571.336737, 1507582574.866467], "episode_lengths": [1345, 1245, 1545, 1600, 1607, 1165, 1024, 1015, 1177, 1182, 1257, 1167, 1101, 1672, 1313, 1266, 1523, 1593, 1319, 1258, 1309, 1142, 1321, 1540, 1223, 1261, 2074, 1266, 1351, 1899, 1297, 1348, 1326, 1229, 1439, 1188, 1401, 1192, 1221, 1097, 1680, 1463, 1506, 1185, 1551, 1578, 1184, 1267, 1685, 1454, 1010, 1268, 1389, 1114, 1638, 1335, 1180, 1377, 1275, 1767, 1516, 1598, 1395, 1468, 1262, 1394, 1105, 1469, 1127, 1722, 1264, 1379, 1249, 1481, 1101, 1426, 1186, 1541, 1344, 1417, 1099, 1295, 1497, 1346, 1174, 1099, 1172, 1303, 1242, 1181, 1663, 1082, 1631, 1772, 1332, 1241, 1631, 1408, 1240, 1333, 1249, 1200, 1761, 1083, 1258, 1220, 1259, 1258, 1309, 1570, 1389, 1184, 1443, 1112, 1421, 1619, 1580, 1100, 1102, 1465, 1352, 1160, 1337, 1187, 1496, 1197, 1911, 1500, 1436, 1208, 1306, 1641, 1420, 1180, 1420, 1191, 1187, 1168, 1259, 1176, 1270, 1649, 1171, 1339, 1144, 1172, 1311, 1315], "episode_rewards": [-21.0, -20.0, -20.0, -19.0, -19.0, -21.0, -21.0, -21.0, -21.0, -21.0, -21.0, -21.0, -21.0, -19.0, -20.0, -21.0, -19.0, -19.0, -21.0, -21.0, -20.0, -20.0, -20.0, -20.0, -20.0, -21.0, -16.0, -21.0, -21.0, -18.0, -20.0, -21.0, -21.0, -20.0, -19.0, -21.0, -18.0, -21.0, -20.0, -21.0, -19.0, -20.0, -21.0, -21.0, -20.0, -21.0, -21.0, -21.0, -19.0, -19.0, -21.0, -21.0, -20.0, -21.0, -20.0, -21.0, -21.0, -20.0, -21.0, -19.0, -19.0, -19.0, -20.0, -20.0, -21.0, -20.0, -21.0, -20.0, -21.0, -18.0, -21.0, -20.0, -21.0, -20.0, -21.0, -21.0, -21.0, -20.0, -21.0, -21.0, -21.0, -20.0, -21.0, -21.0, -21.0, -21.0, -21.0, -20.0, -20.0, -21.0, -21.0, -21.0, -20.0, -19.0, -21.0, -20.0, -20.0, -21.0, -20.0, -21.0, -21.0, -21.0, -21.0, -21.0, -21.0, -20.0, -21.0, -21.0, -20.0, -21.0, -20.0, -21.0, -21.0, -21.0, -21.0, -20.0, -21.0, -21.0, -21.0, -20.0, -21.0, -21.0, -21.0, -21.0, -20.0, -21.0, -21.0, -21.0, -21.0, -20.0, -20.0, -20.0, -21.0, -21.0, -21.0, -21.0, -21.0, -21.0, -21.0, -21.0, -21.0, -20.0, -21.0, -21.0, -20.0, -21.0, -20.0, -20.0], "episode_types": ["t", "t", "t", "t", "t", "t", "t", "t", "t", "t", "t", "t", "t", "t", "t", "t", "t", "t", "t", "t", "t", "t", "t", "t", "t", "t", "t", "t", "t", "t", "t", "t", "t", "t", "t", "t", "t", "t", "t", "t", "t", "t", "t", "t", "t", "t", "t", "t", "t", "t", "t", "t", "t", "t", "t", "t", "t", "t", "t", "t", "t", "t", "t", "t", "t", "t", "t", "t", "t", "t", "t", "t", "t", "t", "t", "t", "t", "t", "t", "t", "t", "t", "t", "t", "t", "t", "t", "t", "t", "t", "t", "t", "t", "t", "t", "t", "t", "t", "t", "t", "t", "t", "t", "t", "t", "t", "t", "t", "t", "t", "t", "t", "t", "t", "t", "t", "t", "t", "t", "t", "t", "t", "t", "t", "t", "t", "t", "t", "t", "t", "t", "t", "t", "t", "t", "t", "t", "t", "t", "t", "t", "t", "t", "t", "t", "t", "t", "t"]}