{"initial_reset_timestamp": 1507764410.7380018, "timestamps": [1507764435.456108, 1507764440.2315578, 1507764444.338284, 1507764448.00987, 1507764451.718532, 1507764456.1986282, 1507764459.781322, 1507764463.940215, 1507764467.9425762, 1507764471.7546759, 1507764475.831498], "episode_lengths": [1473, 1260, 1398, 1104, 1315, 1343, 1289, 1396, 1340, 1173, 1296], "episode_rewards": [-18.0, -21.0, -20.0, -21.0, -20.0, -21.0, -20.0, -20.0, -21.0, -21.0, -20.0], "episode_types": ["t", "t", "t", "t", "t", "t", "t", "t", "t", "t", "t"]}