{"initial_reset_timestamp": 1509115956.777656, "timestamps": [1509115961.538506, 1509115968.974655, 1509115975.4092648, 1509115981.552567, 1509115990.0559309, 1509115996.591591, 1509116002.920465, 1509116009.2155142, 1509116016.544929, 1509116023.865657, 1509116029.994557, 1509116037.257889, 1509116043.762665, 1509116051.058793, 1509116056.7169101, 1509116063.363223, 1509116070.219094, 1509116077.493087, 1509116084.917187, 1509116091.268021, 1509116097.2240179, 1509116104.529781, 1509116110.3545852, 1509116115.8649678, 1509116121.367184, 1509116127.816024, 1509116135.047879, 1509116140.7901518, 1509116147.036136, 1509116154.889735, 1509116163.0976372, 1509116171.136096, 1509116177.669409, 1509116185.105043, 1509116191.290051, 1509116197.64566, 1509116204.160512, 1509116211.1240551, 1509116217.409933, 1509116223.696324, 1509116231.21924, 1509116236.615024, 1509116242.809946, 1509116248.324157, 1509116254.6143591, 1509116260.958008, 1509116267.57056, 1509116273.694747, 1509116280.994612, 1509116288.312294, 1509116295.24637, 1509116300.88414, 1509116307.211647, 1509116314.28579, 1509116319.607563, 1509116326.984659, 1509116334.115068, 1509116340.452986, 1509116347.3923461, 1509116356.092132, 1509116363.034233, 1509116370.4085171, 1509116375.8170571, 1509116382.951941, 1509116389.1564999, 1509116396.833807, 1509116402.535864, 1509116408.463536, 1509116415.278427, 1509116421.298482, 1509116427.9098308, 1509116433.83971, 1509116441.420356, 1509116448.268001, 1509116456.1505349, 1509116462.940297, 1509116469.671063, 1509116477.072583, 1509116482.859327, 1509116489.840687, 1509116496.232401, 1509116503.599484, 1509116510.553185, 1509116517.046408, 1509116524.950956, 1509116532.2435598, 1509116539.665663, 1509116547.0620759, 1509116552.713496, 1509116559.277057, 1509116565.4611452, 1509116572.07284, 1509116579.780222, 1509116586.181806, 1509116592.589321, 1509116599.316512, 1509116605.25954, 1509116610.729043, 1509116618.9453802, 1509116626.077429, 1509116634.810563, 1509116641.6073668, 1509116647.7523992], "episode_lengths": [1218, 1173, 1107, 1103, 1712, 1203, 1260, 1102, 1472, 1566, 1034, 1419, 1261, 1347, 1024, 1182, 1343, 1098, 1684, 1251, 1268, 1581, 1096, 1023, 1089, 1174, 1332, 1030, 1347, 1306, 1424, 1745, 1247, 1518, 1100, 1344, 1192, 1345, 1157, 1183, 1643, 1086, 1020, 1001, 1248, 1202, 1505, 1326, 1416, 1544, 1270, 1173, 1109, 1434, 1018, 1260, 1571, 1187, 1346, 1509, 1112, 1176, 1012, 1390, 1229, 1187, 1016, 1020, 1238, 1091, 1443, 1168, 1633, 1414, 1795, 1263, 1022, 1424, 1180, 1521, 1199, 1541, 1465, 1245, 1817, 1439, 1620, 1498, 1094, 1335, 1172, 1303, 1676, 1260, 1278, 1241, 1262, 1008, 1800, 1469, 1466, 1388, 1178], "episode_rewards": [-20.0, -21.0, -21.0, -21.0, -20.0, -20.0, -21.0, -21.0, -20.0, -20.0, -21.0, -21.0, -21.0, -21.0, -21.0, -21.0, -21.0, -21.0, -19.0, -21.0, -21.0, -19.0, -21.0, -21.0, -21.0, -21.0, -21.0, -21.0, -21.0, -20.0, -21.0, -19.0, -21.0, -21.0, -21.0, -21.0, -21.0, -21.0, -20.0, -21.0, -18.0, -21.0, -21.0, -21.0, -21.0, -21.0, -21.0, -20.0, -21.0, -20.0, -21.0, -21.0, -21.0, -19.0, -21.0, -21.0, -20.0, -21.0, -21.0, -21.0, -21.0, -21.0, -21.0, -20.0, -20.0, -21.0, -21.0, -21.0, -20.0, -21.0, -19.0, -21.0, -18.0, -19.0, -20.0, -21.0, -21.0, -21.0, -21.0, -21.0, -21.0, -20.0, -20.0, -20.0, -19.0, -21.0, -20.0, -21.0, -21.0, -21.0, -21.0, -20.0, -19.0, -21.0, -21.0, -21.0, -21.0, -21.0, -18.0, -20.0, -20.0, -20.0, -21.0], "episode_types": ["t", "t", "t", "t", "t", "t", "t", "t", "t", "t", "t", "t", "t", "t", "t", "t", "t", "t", "t", "t", "t", "t", "t", "t", "t", "t", "t", "t", "t", "t", "t", "t", "t", "t", "t", "t", "t", "t", "t", "t", "t", "t", "t", "t", "t", "t", "t", "t", "t", "t", "t", "t", "t", "t", "t", "t", "t", "t", "t", "t", "t", "t", "t", "t", "t", "t", "t", "t", "t", "t", "t", "t", "t", "t", "t", "t", "t", "t", "t", "t", "t", "t", "t", "t", "t", "t", "t", "t", "t", "t", "t", "t", "t", "t", "t", "t", "t", "t", "t", "t", "t", "t", "t"]}